game_id,league_name,home_team,away_team,home_team_id,away_team_id,status,home_score,away_score,home_pitcher,home_pitcher_era,home_pitcher_k9,home_pitcher_ip,home_pitcher_starts,home_pitcher_win,home_pitcher_loss,away_pitcher,away_pitcher_era,away_pitcher_k9,away_pitcher_ip,away_pitcher_starts,away_pitcher_win,away_pitcher_loss,start_time,market_id,book_id,event_id,num_bets,home_money_line,home_ml_ticket_pct,home_ml_money_pct,away_money_line,away_ml_ticket_pct,away_ml_money_pct,tie_money_line,tie_ml_ticket_pct,tie_ml_money_pct,total_score,over_odds,under_odds,over_ticket_pct,over_money_pct,under_ticket_pct,under_money_pct,home_spread,home_spread_odds,home_spread_ticket_pct,home_spread_money_pct,away_spread,away_spread_odds,away_spread_ticket_pct,away_spread_money_pct,start_time_pt,date_scraped
263445,bundesliga,Mainz,HOFF,1133,1128,scheduled,,,,,,,,,,,,,,,,,2025-11-21T19:30:00.000Z,15,15,263445,721.0,150,51,31,170,42,60,260,7,9,2.5,-167,130,90,91,10,9,-0.5,130,0,0,0.5,-190,0,0,2025-11-21 11:30:00-08:00,2025-11-20 20:06:49.973030
263445,bundesliga,Mainz,HOFF,1133,1128,scheduled,,,,,,,,,,,,,,,,,2025-11-21T19:30:00.000Z,15,15,263445,721.0,150,51,31,170,42,60,260,7,9,2.5,-167,130,90,91,10,9,-0.5,130,0,0,0.5,-190,0,0,2025-11-21 11:30:00-08:00,2025-11-20 20:06:54.739076
263516,ligue1,Nice,Marseille,1152,1146,scheduled,,,,,,,,,,,,,,,,,2025-11-21T19:45:00.000Z,15,15,263516,636.0,266,8,8,-102,90,83,270,3,9,2.5,-147,115,92,93,8,7,0.5,-125,0,0,-0.5,-115,0,0,2025-11-21 11:45:00-08:00,2025-11-20 20:06:49.973030
263516,ligue1,Nice,Marseille,1152,1146,scheduled,,,,,,,,,,,,,,,,,2025-11-21T19:45:00.000Z,15,15,263516,636.0,266,8,8,-102,90,83,270,3,9,2.5,-147,115,92,93,8,7,0.5,-125,0,0,-0.5,-115,0,0,2025-11-21 11:45:00-08:00,2025-11-20 20:06:54.739076
263496,laliga,Valencia,Levante,1175,1372,scheduled,,,,,,,,,,,,,,,,,2025-11-21T20:00:00.000Z,15,15,263496,429.0,105,88,68,255,6,19,240,6,14,2.5,-110,-115,79,76,21,24,-0.5,-102,0,0,0.5,-135,0,0,2025-11-21 12:00:00-08:00,2025-11-20 20:06:49.973030
263496,laliga,Valencia,Levante,1175,1372,scheduled,,,,,,,,,,,,,,,,,2025-11-21T20:00:00.000Z,15,15,263496,429.0,105,88,68,255,6,19,240,6,14,2.5,-110,-115,79,76,21,24,-0.5,-102,0,0,0.5,-135,0,0,2025-11-21 12:00:00-08:00,2025-11-20 20:06:54.739076
263435,epl,Burnley,Chelsea,1101,1102,scheduled,,,,,,,,,,,,,,,,,2025-11-22T12:30:00.000Z,15,15,263435,439.0,550,1,1,-200,98,98,350,1,1,2.5,-129,101,96,96,4,4,1.5,-182,0,0,-1.5,125,0,0,2025-11-22 04:30:00-08:00,2025-11-20 20:06:49.973030
263435,epl,Burnley,Chelsea,1101,1102,scheduled,,,,,,,,,,,,,,,,,2025-11-22T12:30:00.000Z,15,15,263435,439.0,550,1,1,-200,98,98,350,1,1,2.5,-129,101,96,96,4,4,1.5,-182,0,0,-1.5,125,0,0,2025-11-22 04:30:00-08:00,2025-11-20 20:06:54.739076
263504,laliga,Alaves,Celta Vigo,1157,1162,scheduled,,,,,,,,,,,,,,,,,2025-11-22T13:00:00.000Z,15,15,263504,131.0,155,41,35,200,46,51,207,14,14,2.5,130,-168,87,88,13,12,-0.5,135,0,0,0.5,-200,0,0,2025-11-22 05:00:00-08:00,2025-11-20 20:06:49.973030
263504,laliga,Alaves,Celta Vigo,1157,1162,scheduled,,,,,,,,,,,,,,,,,2025-11-22T13:00:00.000Z,15,15,263504,131.0,155,41,35,200,46,51,207,14,14,2.5,130,-168,87,88,13,12,-0.5,135,0,0,0.5,-200,0,0,2025-11-22 05:00:00-08:00,2025-11-20 20:06:54.739076
263505,seriea,Cagliari,Genoa,1179,1184,scheduled,,,,,,,,,,,,,,,,,2025-11-22T14:00:00.000Z,15,15,263505,100.0,185,35,19,175,32,14,195,33,67,1.5,-190,142,77,79,23,21,0.5,-225,0,0,-0.5,155,0,0,2025-11-22 06:00:00-08:00,2025-11-20 20:06:49.973030
263505,seriea,Cagliari,Genoa,1179,1184,scheduled,,,,,,,,,,,,,,,,,2025-11-22T14:00:00.000Z,15,15,263505,100.0,185,35,19,175,32,14,195,33,67,1.5,-190,142,77,79,23,21,0.5,-225,0,0,-0.5,155,0,0,2025-11-22 06:00:00-08:00,2025-11-20 20:06:54.739076
263512,seriea,Udinese,Bologna,1196,1178,scheduled,,,,,,,,,,,,,,,,,2025-11-22T14:00:00.000Z,15,15,263512,171.0,280,8,9,105,86,79,220,6,12,2.5,125,-163,78,79,22,21,0.5,-135,0,0,-0.5,-105,0,0,2025-11-22 06:00:00-08:00,2025-11-20 20:06:49.973030
263512,seriea,Udinese,Bologna,1196,1178,scheduled,,,,,,,,,,,,,,,,,2025-11-22T14:00:00.000Z,15,15,263512,171.0,280,8,9,105,86,79,220,6,12,2.5,125,-163,78,79,22,21,0.5,-135,0,0,-0.5,-105,0,0,2025-11-22 06:00:00-08:00,2025-11-20 20:06:54.739076
263440,bundesliga,Heidenheim,M'gladbach,2048,1132,scheduled,,,,,,,,,,,,,,,,,2025-11-22T14:30:00.000Z,15,15,263440,141.0,220,6,6,115,90,88,260,4,6,2.5,-150,120,90,90,10,10,0.5,-145,0,0,-0.5,105,0,0,2025-11-22 06:30:00-08:00,2025-11-20 20:06:49.973030
263440,bundesliga,Heidenheim,M'gladbach,2048,1132,scheduled,,,,,,,,,,,,,,,,,2025-11-22T14:30:00.000Z,15,15,263440,141.0,220,6,6,115,90,88,260,4,6,2.5,-150,120,90,90,10,10,0.5,-145,0,0,-0.5,105,0,0,2025-11-22 06:30:00-08:00,2025-11-20 20:06:54.739076
263442,bundesliga,Augsburg,HSV,1119,1126,scheduled,,,,,,,,,,,,,,,,,2025-11-22T14:30:00.000Z,15,15,263442,95.0,130,81,76,195,10,12,255,9,11,2.5,-146,115,89,89,11,11,-0.5,115,0,0,0.5,-165,0,0,2025-11-22 06:30:00-08:00,2025-11-20 20:06:49.973030
263442,bundesliga,Augsburg,HSV,1119,1126,scheduled,,,,,,,,,,,,,,,,,2025-11-22T14:30:00.000Z,15,15,263442,95.0,130,81,76,195,10,12,255,9,11,2.5,-146,115,89,89,11,11,-0.5,115,0,0,0.5,-165,0,0,2025-11-22 06:30:00-08:00,2025-11-20 20:06:54.739076
263443,bundesliga,WOLF,Leverkusen,1136,1131,scheduled,,,,,,,,,,,,,,,,,2025-11-22T14:30:00.000Z,15,15,263443,257.0,240,2,1,102,96,97,280,1,1,2.5,-170,131,94,91,6,9,0.5,-140,0,0,-0.5,-102,0,0,2025-11-22 06:30:00-08:00,2025-11-20 20:06:49.973030
263443,bundesliga,WOLF,Leverkusen,1136,1131,scheduled,,,,,,,,,,,,,,,,,2025-11-22T14:30:00.000Z,15,15,263443,257.0,240,2,1,102,96,97,280,1,1,2.5,-170,131,94,91,6,9,0.5,-140,0,0,-0.5,-102,0,0,2025-11-22 06:30:00-08:00,2025-11-20 20:06:54.739076
263446,bundesliga,Dortmund,Stuttgart,1123,1369,scheduled,,,,,,,,,,,,,,,,,2025-11-22T14:30:00.000Z,15,15,263446,307.0,-133,96,89,310,3,7,310,1,4,3.5,122,-163,96,96,4,4,-0.5,-143,0,0,0.5,-105,0,0,2025-11-22 06:30:00-08:00,2025-11-20 20:06:49.973030
263446,bundesliga,Dortmund,Stuttgart,1123,1369,scheduled,,,,,,,,,,,,,,,,,2025-11-22T14:30:00.000Z,15,15,263446,307.0,-133,96,89,310,3,7,310,1,4,3.5,122,-163,96,96,4,4,-0.5,-143,0,0,0.5,-105,0,0,2025-11-22 06:30:00-08:00,2025-11-20 20:06:54.739076
263447,bundesliga,Bayern,Freiburg,1120,1125,scheduled,,,,,,,,,,,,,,,,,2025-11-22T14:30:00.000Z,15,15,263447,262.0,-537,100,100,1225,0,0,650,0,0,3.5,-113,-114,97,97,3,3,-2.5,120,0,0,2.5,-175,0,0,2025-11-22 06:30:00-08:00,2025-11-20 20:06:49.973030
263447,bundesliga,Bayern,Freiburg,1120,1125,scheduled,,,,,,,,,,,,,,,,,2025-11-22T14:30:00.000Z,15,15,263447,262.0,-537,100,100,1225,0,0,650,0,0,3.5,-113,-114,97,97,3,3,-2.5,120,0,0,2.5,-175,0,0,2025-11-22 06:30:00-08:00,2025-11-20 20:06:54.739076
263429,epl,Wolverhampton,Crystal Palace,1968,1103,scheduled,,,,,,,,,,,,,,,,,2025-11-22T15:00:00.000Z,15,15,263429,711.0,280,4,4,-102,93,93,255,3,3,2.5,102,-125,94,95,6,5,0.5,-130,0,0,-0.5,-110,0,0,2025-11-22 07:00:00-08:00,2025-11-20 20:06:49.973030
263429,epl,Wolverhampton,Crystal Palace,1968,1103,scheduled,,,,,,,,,,,,,,,,,2025-11-22T15:00:00.000Z,15,15,263429,711.0,280,4,4,-102,93,93,255,3,3,2.5,102,-125,94,95,6,5,0.5,-130,0,0,-0.5,-110,0,0,2025-11-22 07:00:00-08:00,2025-11-20 20:06:54.739076
263432,epl,Liverpool,Nottingham,1107,3364,scheduled,,,,,,,,,,,,,,,,,2025-11-22T15:00:00.000Z,15,15,263432,323.0,-235,98,98,600,1,1,385,1,1,3.5,130,-172,85,85,15,15,-1.5,105,0,0,1.5,-145,0,0,2025-11-22 07:00:00-08:00,2025-11-20 20:06:49.973030
263432,epl,Liverpool,Nottingham,1107,3364,scheduled,,,,,,,,,,,,,,,,,2025-11-22T15:00:00.000Z,15,15,263432,323.0,-235,98,98,600,1,1,385,1,1,3.5,130,-172,85,85,15,15,-1.5,105,0,0,1.5,-145,0,0,2025-11-22 07:00:00-08:00,2025-11-20 20:06:54.739076
263434,epl,Fulham,Sunderland,1967,1114,scheduled,,,,,,,,,,,,,,,,,2025-11-22T15:00:00.000Z,15,15,263434,257.0,110,57,31,275,36,59,225,7,10,2.5,118,-150,91,92,9,8,-0.5,100,0,0,0.5,-145,0,0,2025-11-22 07:00:00-08:00,2025-11-20 20:06:49.973030
263434,epl,Fulham,Sunderland,1967,1114,scheduled,,,,,,,,,,,,,,,,,2025-11-22T15:00:00.000Z,15,15,263434,257.0,110,57,31,275,36,59,225,7,10,2.5,118,-150,91,92,9,8,-0.5,100,0,0,0.5,-145,0,0,2025-11-22 07:00:00-08:00,2025-11-20 20:06:54.739076
263436,epl,Albion,Brentford,1363,2306,scheduled,,,,,,,,,,,,,,,,,2025-11-22T15:00:00.000Z,15,15,263436,196.0,-108,80,66,285,13,21,270,7,12,2.5,-150,111,86,86,14,14,-0.5,-118,0,0,0.5,-120,0,0,2025-11-22 07:00:00-08:00,2025-11-20 20:06:49.973030
263436,epl,Albion,Brentford,1363,2306,scheduled,,,,,,,,,,,,,,,,,2025-11-22T15:00:00.000Z,15,15,263436,196.0,-108,80,66,285,13,21,270,7,12,2.5,-150,111,86,86,14,14,-0.5,-118,0,0,0.5,-120,0,0,2025-11-22 07:00:00-08:00,2025-11-20 20:06:54.739076
263438,epl,Bournemouth,West Ham,1100,1118,scheduled,,,,,,,,,,,,,,,,,2025-11-22T15:00:00.000Z,15,15,263438,247.0,-160,91,83,400,6,12,310,2,5,2.5,-157,121,85,85,15,15,-0.5,-175,0,0,0.5,125,0,0,2025-11-22 07:00:00-08:00,2025-11-20 20:06:49.973030
263438,epl,Bournemouth,West Ham,1100,1118,scheduled,,,,,,,,,,,,,,,,,2025-11-22T15:00:00.000Z,15,15,263438,247.0,-160,91,83,400,6,12,310,2,5,2.5,-157,121,85,85,15,15,-0.5,-175,0,0,0.5,125,0,0,2025-11-22 07:00:00-08:00,2025-11-20 20:06:54.739076
263498,laliga,Barcelona,Athletic,1160,1158,scheduled,,,,,,,,,,,,,,,,,2025-11-22T15:15:00.000Z,15,15,263498,242.0,-238,100,99,570,0,1,400,0,1,3.5,128,-163,96,96,4,4,-1.5,108,0,0,1.5,-152,0,0,2025-11-22 07:15:00-08:00,2025-11-20 20:06:49.973030
263498,laliga,Barcelona,Athletic,1160,1158,scheduled,,,,,,,,,,,,,,,,,2025-11-22T15:15:00.000Z,15,15,263498,242.0,-238,100,99,570,0,1,400,0,1,3.5,128,-163,96,96,4,4,-1.5,108,0,0,1.5,-152,0,0,2025-11-22 07:15:00-08:00,2025-11-20 20:06:54.739076
263523,ligue1,Lens,Strasbourg,2113,1366,scheduled,,,,,,,,,,,,,,,,,2025-11-22T16:00:00.000Z,15,15,263523,116.0,105,86,78,250,10,16,275,3,6,2.5,-160,125,92,93,8,7,-0.5,-105,0,0,0.5,-135,0,0,2025-11-22 08:00:00-08:00,2025-11-20 20:06:49.973030
263523,ligue1,Lens,Strasbourg,2113,1366,scheduled,,,,,,,,,,,,,,,,,2025-11-22T16:00:00.000Z,15,15,263523,116.0,105,86,78,250,10,16,275,3,6,2.5,-160,125,92,93,8,7,-0.5,-105,0,0,0.5,-135,0,0,2025-11-22 08:00:00-08:00,2025-11-20 20:06:54.739076
263507,seriea,Fiorentina,Juventus,1183,1186,scheduled,,,,,,,,,,,,,,,,,2025-11-22T17:00:00.000Z,15,15,263507,161.0,285,4,4,102,92,90,240,3,6,2.5,110,-135,85,85,15,15,0.5,-135,0,0,-0.5,-105,0,0,2025-11-22 09:00:00-08:00,2025-11-20 20:06:49.973030
263507,seriea,Fiorentina,Juventus,1183,1186,scheduled,,,,,,,,,,,,,,,,,2025-11-22T17:00:00.000Z,15,15,263507,161.0,285,4,4,102,92,90,240,3,6,2.5,110,-135,85,85,15,15,0.5,-135,0,0,-0.5,-105,0,0,2025-11-22 09:00:00-08:00,2025-11-20 20:06:54.739076
263430,epl,Newcastle,Man City,1364,1108,scheduled,,,,,,,,,,,,,,,,,2025-11-22T17:30:00.000Z,15,15,263430,393.0,260,3,2,-103,95,97,280,2,1,2.5,-151,115,96,97,4,3,0.5,-130,0,0,-0.5,-110,0,0,2025-11-22 09:30:00-08:00,2025-11-20 20:06:49.973030
263430,epl,Newcastle,Man City,1364,1108,scheduled,,,,,,,,,,,,,,,,,2025-11-22T17:30:00.000Z,15,15,263430,393.0,260,3,2,-103,95,97,280,2,1,2.5,-151,115,96,97,4,3,0.5,-130,0,0,-0.5,-110,0,0,2025-11-22 09:30:00-08:00,2025-11-20 20:06:54.739076
263439,bundesliga,Köln,FRA,1130,1124,scheduled,,,,,,,,,,,,,,,,,2025-11-22T17:30:00.000Z,15,15,263439,106.0,195,8,8,122,88,88,275,4,4,3.5,122,-160,92,93,8,7,0.5,-165,0,0,-0.5,115,0,0,2025-11-22 09:30:00-08:00,2025-11-20 20:06:49.973030
263439,bundesliga,Köln,FRA,1130,1124,scheduled,,,,,,,,,,,,,,,,,2025-11-22T17:30:00.000Z,15,15,263439,106.0,195,8,8,122,88,88,275,4,4,3.5,122,-160,92,93,8,7,0.5,-165,0,0,-0.5,115,0,0,2025-11-22 09:30:00-08:00,2025-11-20 20:06:54.739076
263500,laliga,Osasuna,Real Sociedad,1171,1173,scheduled,,,,,,,,,,,,,,,,,2025-11-22T17:30:00.000Z,15,15,263500,136.0,175,36,41,170,46,41,210,18,18,2.5,126,-164,79,78,21,22,0.5,-222,0,0,-0.5,160,0,0,2025-11-22 09:30:00-08:00,2025-11-20 20:06:49.973030
263500,laliga,Osasuna,Real Sociedad,1171,1173,scheduled,,,,,,,,,,,,,,,,,2025-11-22T17:30:00.000Z,15,15,263500,136.0,175,36,41,170,46,41,210,18,18,2.5,126,-164,79,78,21,22,0.5,-222,0,0,-0.5,160,0,0,2025-11-22 09:30:00-08:00,2025-11-20 20:06:54.739076
263522,ligue1,Rennes,Monaco,1154,1148,scheduled,,,,,,,,,,,,,,,,,2025-11-22T18:00:00.000Z,15,15,263522,100.0,165,13,13,145,78,78,275,8,9,3.5,125,-168,86,86,14,14,0.5,-185,0,0,-0.5,130,0,0,2025-11-22 10:00:00-08:00,2025-11-20 20:06:49.973030
263522,ligue1,Rennes,Monaco,1154,1148,scheduled,,,,,,,,,,,,,,,,,2025-11-22T18:00:00.000Z,15,15,263522,100.0,165,13,13,145,78,78,275,8,9,3.5,125,-168,86,86,14,14,0.5,-185,0,0,-0.5,130,0,0,2025-11-22 10:00:00-08:00,2025-11-20 20:06:54.739076
263514,seriea,Napoli,Atalanta,1189,1177,scheduled,,,,,,,,,,,,,,,,,2025-11-22T19:45:00.000Z,15,15,263514,232.0,120,91,94,240,5,3,222,4,3,2.5,106,-136,85,86,15,14,-0.5,110,0,0,0.5,-155,0,0,2025-11-22 11:45:00-08:00,2025-11-20 20:06:49.973030
263514,seriea,Napoli,Atalanta,1189,1177,scheduled,,,,,,,,,,,,,,,,,2025-11-22T19:45:00.000Z,15,15,263514,232.0,120,91,94,240,5,3,222,4,3,2.5,106,-136,85,86,15,14,-0.5,110,0,0,0.5,-155,0,0,2025-11-22 11:45:00-08:00,2025-11-20 20:06:54.739076
263495,laliga,Villarreal,Mallorca,1176,2028,scheduled,,,,,,,,,,,,,,,,,2025-11-22T20:00:00.000Z,15,15,263495,116.0,-226,99,99,580,1,1,375,99,99,2.5,-153,119,90,90,10,10,-1.5,115,0,0,1.5,-165,0,0,2025-11-22 12:00:00-08:00,2025-11-20 20:06:49.973030
263495,laliga,Villarreal,Mallorca,1176,2028,scheduled,,,,,,,,,,,,,,,,,2025-11-22T20:00:00.000Z,15,15,263495,116.0,-226,99,99,580,1,1,375,99,99,2.5,-153,119,90,90,10,10,-1.5,115,0,0,1.5,-165,0,0,2025-11-22 12:00:00-08:00,2025-11-20 20:06:54.739076
263515,ligue1,PSG,Le Havre,1153,4096,scheduled,,,,,,,,,,,,,,,,,2025-11-22T20:05:00.000Z,15,15,263515,217.0,-550,100,100,1350,0,0,650,0,0,3.5,112,-154,97,97,3,3,-2.5,134,0,0,2.5,-172,0,0,2025-11-22 12:05:00-08:00,2025-11-20 20:06:49.973030
263515,ligue1,PSG,Le Havre,1153,4096,scheduled,,,,,,,,,,,,,,,,,2025-11-22T20:05:00.000Z,15,15,263515,217.0,-550,100,100,1350,0,0,650,0,0,3.5,112,-154,97,97,3,3,-2.5,134,0,0,2.5,-172,0,0,2025-11-22 12:05:00-08:00,2025-11-20 20:06:54.739076
281953,mls,Whitecaps,LAFC,1218,1933,scheduled,,,,,,,,,,,,,,,,,2025-11-23T02:30:00.000Z,15,15,281953,136.0,116,0,0,210,0,0,260,0,0,2.5,-154,116,97,98,3,2,-0.5,105,0,0,0.5,-150,0,0,2025-11-22 18:30:00-08:00,2025-11-20 20:06:49.973030
281953,mls,Whitecaps,LAFC,1218,1933,scheduled,,,,,,,,,,,,,,,,,2025-11-23T02:30:00.000Z,15,15,281953,136.0,116,0,0,210,0,0,260,0,0,2.5,-154,116,97,98,3,2,-0.5,105,0,0,0.5,-150,0,0,2025-11-22 18:30:00-08:00,2025-11-20 20:06:54.739076
263519,ligue1,Brest,Metz,2000,1147,scheduled,,,,,,,,,,,,,,,,,2025-11-23T16:15:00.000Z,15,15,263519,333.0,-125,92,81,330,6,13,280,2,6,2.5,-134,101,90,91,10,9,-0.5,-135,0,0,0.5,-105,0,0,2025-11-23 08:15:00-08:00,2025-11-23 15:32:42.483166
263519,ligue1,Brest,Metz,2000,1147,scheduled,,,,,,,,,,,,,,,,,2025-11-23T16:15:00.000Z,15,15,263519,60.0,-125,95,78,330,4,16,275,1,6,2.5,-126,-101,89,89,11,11,-0.5,-145,0,0,0.5,-105,0,0,2025-11-23 08:15:00-08:00,2025-11-20 20:06:49.973030
263519,ligue1,Brest,Metz,2000,1147,scheduled,,,,,,,,,,,,,,,,,2025-11-23T16:15:00.000Z,15,15,263519,333.0,-125,92,81,330,6,13,280,2,6,2.5,-134,101,90,91,10,9,-0.5,-135,0,0,0.5,-105,0,0,2025-11-23 08:15:00-08:00,2025-11-23 15:32:39.958781
263519,ligue1,Brest,Metz,2000,1147,scheduled,,,,,,,,,,,,,,,,,2025-11-23T16:15:00.000Z,15,15,263519,333.0,-125,92,81,330,6,13,280,2,6,2.5,-134,101,90,91,10,9,-0.5,-135,0,0,0.5,-105,0,0,2025-11-23 08:15:00-08:00,2025-11-23 15:32:50.045701
263513,seriea,Hellas,Parma,1374,1977,scheduled,,,,,,,,,,,,,,,,,2025-11-23T11:30:00.000Z,15,15,263513,70.0,125,62,9,245,15,3,205,23,88,2.5,146,-191,73,75,27,25,-0.5,115,0,0,0.5,-165,0,0,2025-11-23 03:30:00-08:00,2025-11-20 20:06:49.973030
263513,seriea,Hellas,Parma,1374,1977,scheduled,,,,,,,,,,,,,,,,,2025-11-23T11:30:00.000Z,15,15,263513,70.0,125,62,9,245,15,3,205,23,88,2.5,146,-191,73,75,27,25,-0.5,115,0,0,0.5,-165,0,0,2025-11-23 03:30:00-08:00,2025-11-20 20:06:54.739076
263499,laliga,Real Oviedo,Vallecano,5672,1973,scheduled,,,,,,,,,,,,,,,,,2025-11-23T13:00:00.000Z,15,15,263499,60.0,240,6,4,120,89,90,225,5,6,2.5,120,-156,81,82,19,18,0.5,-155,0,0,-0.5,110,0,0,2025-11-23 05:00:00-08:00,2025-11-20 20:06:49.973030
263499,laliga,Real Oviedo,Vallecano,5672,1973,scheduled,,,,,,,,,,,,,,,,,2025-11-23T13:00:00.000Z,15,15,263499,60.0,240,6,4,120,89,90,225,5,6,2.5,120,-156,81,82,19,18,0.5,-155,0,0,-0.5,110,0,0,2025-11-23 05:00:00-08:00,2025-11-20 20:06:54.739076
263433,epl,Leeds,Aston Villa,2075,1999,scheduled,,,,,,,,,,,,,,,,,2025-11-23T14:00:00.000Z,15,15,263433,323.0,210,6,4,140,90,92,225,4,4,2.5,111,-142,94,95,6,5,0.5,-180,0,0,-0.5,120,0,0,2025-11-23 06:00:00-08:00,2025-11-20 20:06:49.973030
263433,epl,Leeds,Aston Villa,2075,1999,scheduled,,,,,,,,,,,,,,,,,2025-11-23T14:00:00.000Z,15,15,263433,323.0,210,6,4,140,90,92,225,4,4,2.5,111,-142,94,95,6,5,0.5,-180,0,0,-0.5,120,0,0,2025-11-23 06:00:00-08:00,2025-11-20 20:06:54.739076
263506,seriea,Cremonese,Roma,3428,1192,scheduled,,,,,,,,,,,,,,,,,2025-11-23T14:00:00.000Z,15,15,263506,100.0,450,1,1,-160,99,93,275,1,6,2.5,105,-135,90,90,10,10,0.5,120,0,0,-0.5,-175,0,0,2025-11-23 06:00:00-08:00,2025-11-20 20:06:49.973030
263506,seriea,Cremonese,Roma,3428,1192,scheduled,,,,,,,,,,,,,,,,,2025-11-23T14:00:00.000Z,15,15,263506,100.0,450,1,1,-160,99,93,275,1,6,2.5,105,-135,90,90,10,10,0.5,120,0,0,-0.5,-175,0,0,2025-11-23 06:00:00-08:00,2025-11-20 20:06:54.739076
263520,ligue1,Toulouse,Angers,1156,1137,scheduled,,,,,,,,,,,,,,,,,2025-11-23T16:15:00.000Z,15,15,263520,292.0,-145,95,90,433,3,6,270,2,4,2.5,105,-136,88,89,12,11,-0.5,-160,0,0,0.5,115,0,0,2025-11-23 08:15:00-08:00,2025-11-23 15:32:42.483166
263520,ligue1,Toulouse,Angers,1156,1137,scheduled,,,,,,,,,,,,,,,,,2025-11-23T16:15:00.000Z,15,15,263520,65.0,-160,97,96,450,2,3,285,1,1,2.5,-102,-132,85,85,15,15,-0.5,-175,0,0,0.5,120,0,0,2025-11-23 08:15:00-08:00,2025-11-20 20:06:49.973030
263520,ligue1,Toulouse,Angers,1156,1137,scheduled,,,,,,,,,,,,,,,,,2025-11-23T16:15:00.000Z,15,15,263520,292.0,-145,95,90,433,3,6,270,2,4,2.5,105,-136,88,89,12,11,-0.5,-160,0,0,0.5,115,0,0,2025-11-23 08:15:00-08:00,2025-11-23 15:32:39.958781
263520,ligue1,Toulouse,Angers,1156,1137,scheduled,,,,,,,,,,,,,,,,,2025-11-23T16:15:00.000Z,15,15,263520,292.0,-145,95,90,433,3,6,270,2,4,2.5,105,-136,88,89,12,11,-0.5,-160,0,0,0.5,115,0,0,2025-11-23 08:15:00-08:00,2025-11-23 15:32:50.045701
263517,ligue1,Auxerre,Lyon,3363,1145,scheduled,,,,,,,,,,,,,,,,,2025-11-23T14:00:00.000Z,15,15,263517,90.0,280,1,1,-102,98,97,240,1,2,2.5,-109,-119,94,94,6,6,0.5,-130,0,0,-0.5,-110,0,0,2025-11-23 06:00:00-08:00,2025-11-20 20:06:49.973030
263517,ligue1,Auxerre,Lyon,3363,1145,scheduled,,,,,,,,,,,,,,,,,2025-11-23T14:00:00.000Z,15,15,263517,90.0,280,1,1,-102,98,97,240,1,2,2.5,-109,-119,94,94,6,6,0.5,-130,0,0,-0.5,-110,0,0,2025-11-23 06:00:00-08:00,2025-11-20 20:06:54.739076
263444,bundesliga,LEIP,BRE,1134,1121,scheduled,,,,,,,,,,,,,,,,,2025-11-23T14:30:00.000Z,15,15,263444,136.0,-222,99,99,480,1,1,400,0,1,3.5,-119,-108,92,92,8,8,-1.5,-105,0,0,1.5,-143,0,0,2025-11-23 06:30:00-08:00,2025-11-20 20:06:49.973030
263444,bundesliga,LEIP,BRE,1134,1121,scheduled,,,,,,,,,,,,,,,,,2025-11-23T14:30:00.000Z,15,15,263444,136.0,-222,99,99,480,1,1,400,0,1,3.5,-119,-108,92,92,8,8,-1.5,-105,0,0,1.5,-143,0,0,2025-11-23 06:30:00-08:00,2025-11-20 20:06:54.739076
263503,laliga,Betis,Girona,1161,1373,scheduled,,,,,,,,,,,,,,,,,2025-11-23T15:15:00.000Z,15,15,263503,95.0,-185,98,97,450,1,1,340,1,2,2.5,-163,130,93,92,7,8,-1.5,138,0,0,1.5,-200,0,0,2025-11-23 07:15:00-08:00,2025-11-20 20:06:49.973030
263503,laliga,Betis,Girona,1161,1373,scheduled,,,,,,,,,,,,,,,,,2025-11-23T15:15:00.000Z,15,15,263503,95.0,-185,98,97,450,1,1,340,1,2,2.5,-163,130,93,92,7,8,-1.5,138,0,0,1.5,-200,0,0,2025-11-23 07:15:00-08:00,2025-11-20 20:06:54.739076
263521,ligue1,Nantes,Lorient,1151,1144,scheduled,,,,,,,,,,,,,,,,,2025-11-23T16:15:00.000Z,15,15,263521,282.0,195,52,56,140,31,27,230,17,18,2.5,-102,-125,83,85,17,15,0.5,-190,0,0,-0.5,130,0,0,2025-11-23 08:15:00-08:00,2025-11-23 15:32:42.483166
263521,ligue1,Nantes,Lorient,1151,1144,scheduled,,,,,,,,,,,,,,,,,2025-11-23T16:15:00.000Z,15,15,263521,55.0,160,68,49,170,12,36,230,20,14,2.5,102,-125,78,78,22,22,-0.5,145,0,0,0.5,-200,0,0,2025-11-23 08:15:00-08:00,2025-11-20 20:06:49.973030
263521,ligue1,Nantes,Lorient,1151,1144,scheduled,,,,,,,,,,,,,,,,,2025-11-23T16:15:00.000Z,15,15,263521,282.0,195,52,56,140,31,27,230,17,18,2.5,-102,-125,83,85,17,15,0.5,-190,0,0,-0.5,130,0,0,2025-11-23 08:15:00-08:00,2025-11-23 15:32:39.958781
263521,ligue1,Nantes,Lorient,1151,1144,scheduled,,,,,,,,,,,,,,,,,2025-11-23T16:15:00.000Z,15,15,263521,282.0,195,52,56,140,31,27,230,17,18,2.5,-102,-125,83,85,17,15,0.5,-190,0,0,-0.5,130,0,0,2025-11-23 08:15:00-08:00,2025-11-23 15:32:50.045701
263437,epl,Arsenal,Tottenham,1099,1112,scheduled,,,,,,,,,,,,,,,,,2025-11-23T16:30:00.000Z,15,15,263437,212.0,-245,97,93,700,1,4,370,1,3,2.5,-125,-100,95,95,5,5,-1.5,105,0,0,1.5,-150,0,0,2025-11-23 08:30:00-08:00,2025-11-20 20:06:49.973030
263437,epl,Arsenal,Tottenham,1099,1112,scheduled,,,,,,,,,,,,,,,,,2025-11-23T16:30:00.000Z,15,15,263437,2847.0,-225,94,89,650,4,8,350,2,3,2.5,-110,-115,94,93,6,7,-1.5,115,0,0,1.5,-165,0,0,2025-11-23 08:30:00-08:00,2025-11-23 15:32:39.958781
263437,epl,Arsenal,Tottenham,1099,1112,scheduled,,,,,,,,,,,,,,,,,2025-11-23T16:30:00.000Z,15,15,263437,2847.0,-225,94,89,650,4,8,350,2,3,2.5,-110,-115,94,93,6,7,-1.5,115,0,0,1.5,-165,0,0,2025-11-23 08:30:00-08:00,2025-11-23 15:32:50.045701
263441,bundesliga,St Pauli,Union Berlin,5144,2021,scheduled,,,,,,,,,,,,,,,,,2025-11-23T16:30:00.000Z,15,15,263441,60.0,146,43,25,195,47,64,225,10,11,2.5,110,-143,91,90,9,10,-0.5,130,0,0,1.0,-195,0,0,2025-11-23 08:30:00-08:00,2025-11-20 20:06:49.973030
263441,bundesliga,St Pauli,Union Berlin,5144,2021,scheduled,,,,,,,,,,,,,,,,,2025-11-23T16:30:00.000Z,15,15,263441,328.0,155,44,34,188,47,54,210,9,13,2.5,131,-173,91,92,9,8,-0.5,142,0,0,1.0,-211,0,0,2025-11-23 08:30:00-08:00,2025-11-23 15:32:39.958781
263441,bundesliga,St Pauli,Union Berlin,5144,2021,scheduled,,,,,,,,,,,,,,,,,2025-11-23T16:30:00.000Z,15,15,263441,328.0,155,44,34,188,47,54,210,9,13,2.5,131,-173,91,92,9,8,-0.5,142,0,0,1.0,-211,0,0,2025-11-23 08:30:00-08:00,2025-11-23 15:32:50.045701
263509,seriea,Lazio,Lecce,1187,2022,scheduled,,,,,,,,,,,,,,,,,2025-11-23T17:00:00.000Z,15,15,263509,70.0,-161,99,98,500,1,1,270,1,1,2.5,120,-149,84,85,16,15,-0.5,-175,0,0,0.5,125,0,0,2025-11-23 09:00:00-08:00,2025-11-20 20:06:49.973030
263509,seriea,Lazio,Lecce,1187,2022,scheduled,,,,,,,,,,,,,,,,,2025-11-23T17:00:00.000Z,15,15,263509,439.0,-135,97,95,433,2,2,240,1,4,2.5,133,-172,88,89,12,11,-0.5,-145,0,0,0.5,105,0,0,2025-11-23 09:00:00-08:00,2025-11-23 15:32:39.958781
263509,seriea,Lazio,Lecce,1187,2022,scheduled,,,,,,,,,,,,,,,,,2025-11-23T17:00:00.000Z,15,15,263509,439.0,-135,97,95,433,2,2,240,1,4,2.5,133,-172,88,89,12,11,-0.5,-145,0,0,0.5,105,0,0,2025-11-23 09:00:00-08:00,2025-11-23 15:32:50.045701
263497,laliga,Getafe,Atlético,1371,1159,scheduled,,,,,,,,,,,,,,,,,2025-11-23T17:30:00.000Z,15,15,263497,100.0,410,1,2,-130,99,98,240,1,1,2.5,140,-197,95,95,5,5,0.5,105,0,0,-0.5,-145,0,0,2025-11-23 09:30:00-08:00,2025-11-20 20:06:49.973030
263497,laliga,Getafe,Atlético,1371,1159,scheduled,,,,,,,,,,,,,,,,,2025-11-23T17:30:00.000Z,15,15,263497,555.0,420,2,2,-130,97,97,240,1,1,2.5,140,-189,94,96,6,4,0.5,100,0,0,-0.5,-143,0,0,2025-11-23 09:30:00-08:00,2025-11-23 15:32:39.958781
263497,laliga,Getafe,Atlético,1371,1159,scheduled,,,,,,,,,,,,,,,,,2025-11-23T17:30:00.000Z,15,15,263497,797.0,390,2,2,-120,97,96,225,1,2,1.5,-189,141,94,96,6,4,0.5,-110,0,0,-0.5,-133,0,0,2025-11-23 09:30:00-08:00,2025-11-23 17:18:27.600701
263497,laliga,Getafe,Atlético,1371,1159,scheduled,,,,,,,,,,,,,,,,,2025-11-23T17:30:00.000Z,15,15,263497,797.0,390,2,2,-120,97,96,225,1,2,1.5,-189,141,94,96,6,4,0.5,-110,0,0,-0.5,-133,0,0,2025-11-23 09:30:00-08:00,2025-11-23 17:18:37.134849
263508,seriea,Inter,Milan,1185,1188,scheduled,,,,,,,,,,,,,,,,,2025-11-23T19:45:00.000Z,15,15,263508,161.0,-110,90,62,300,6,30,245,4,7,2.5,-119,-109,95,94,5,6,-0.5,-120,0,0,0.5,-115,0,0,2025-11-23 11:45:00-08:00,2025-11-20 20:06:49.973030
263508,seriea,Inter,Milan,1185,1188,scheduled,,,,,,,,,,,,,,,,,2025-11-23T19:45:00.000Z,15,15,263508,853.0,106,85,76,280,9,15,225,5,9,2.5,-100,-131,93,93,7,7,-0.5,-105,0,0,0.5,-135,0,0,2025-11-23 11:45:00-08:00,2025-11-23 15:32:39.958781
263508,seriea,Inter,Milan,1185,1188,scheduled,,,,,,,,,,,,,,,,,2025-11-23T19:45:00.000Z,15,15,263508,1034.0,109,85,78,277,10,14,225,5,8,2.5,-105,-131,93,94,7,6,-0.5,-105,0,0,0.5,-135,0,0,2025-11-23 11:45:00-08:00,2025-11-23 17:18:27.600701
263508,seriea,Inter,Milan,1185,1188,scheduled,,,,,,,,,,,,,,,,,2025-11-23T19:45:00.000Z,15,15,263508,1241.0,109,84,77,282,10,14,220,5,9,2.5,106,-135,93,95,7,5,-0.5,-102,0,0,0.5,-140,0,0,2025-11-23 11:45:00-08:00,2025-11-23 19:17:43.077986
263508,seriea,Inter,Milan,1185,1188,scheduled,,,,,,,,,,,,,,,,,2025-11-23T19:45:00.000Z,15,15,263508,1241.0,109,84,77,282,10,14,220,5,9,2.5,106,-135,93,95,7,5,-0.5,-102,0,0,0.5,-140,0,0,2025-11-23 11:45:00-08:00,2025-11-23 19:17:52.379026
263518,ligue1,Lille,Paris FC,1143,5375,scheduled,,,,,,,,,,,,,,,,,2025-11-23T19:45:00.000Z,15,15,263518,95.0,-164,99,99,425,1,1,310,1,1,2.5,-151,117,93,93,7,7,-0.5,-182,0,0,0.5,125,0,0,2025-11-23 11:45:00-08:00,2025-11-20 20:06:49.973030
263518,ligue1,Lille,Paris FC,1143,5375,scheduled,,,,,,,,,,,,,,,,,2025-11-23T19:45:00.000Z,15,15,263518,307.0,-155,97,95,400,2,2,310,1,2,2.5,-147,111,91,92,9,8,-0.5,-175,0,0,0.5,120,0,0,2025-11-23 11:45:00-08:00,2025-11-23 15:32:39.958781
263518,ligue1,Lille,Paris FC,1143,5375,scheduled,,,,,,,,,,,,,,,,,2025-11-23T19:45:00.000Z,15,15,263518,323.0,-145,97,95,390,2,2,300,1,3,2.5,-136,106,91,92,9,8,-0.5,-175,0,0,0.5,120,0,0,2025-11-23 11:45:00-08:00,2025-11-23 17:18:27.600701
263518,ligue1,Lille,Paris FC,1143,5375,scheduled,,,,,,,,,,,,,,,,,2025-11-23T19:45:00.000Z,15,15,263518,419.0,-149,96,95,400,3,3,300,1,3,2.5,-138,106,91,92,9,8,-0.5,-167,0,0,0.5,120,0,0,2025-11-23 11:45:00-08:00,2025-11-23 19:17:43.077986
263518,ligue1,Lille,Paris FC,1143,5375,scheduled,,,,,,,,,,,,,,,,,2025-11-23T19:45:00.000Z,15,15,263518,419.0,-149,96,95,400,3,3,300,1,3,2.5,-138,106,91,92,9,8,-0.5,-167,0,0,0.5,120,0,0,2025-11-23 11:45:00-08:00,2025-11-23 19:17:52.379026
263502,laliga,Elche,Real Madrid,2112,1172,scheduled,,,,,,,,,,,,,,,,,2025-11-23T20:00:00.000Z,15,15,263502,146.0,650,0,0,-275,100,100,430,0,0,3.5,115,-155,92,92,8,8,1.5,-130,0,0,-1.5,-110,0,0,2025-11-23 12:00:00-08:00,2025-11-20 20:06:49.973030
263502,laliga,Elche,Real Madrid,2112,1172,scheduled,,,,,,,,,,,,,,,,,2025-11-23T20:00:00.000Z,15,15,263502,1348.0,575,1,0,-250,99,100,425,0,0,3.5,113,-149,92,92,8,8,1.5,-143,0,0,-1.5,-105,0,0,2025-11-23 12:00:00-08:00,2025-11-23 15:32:39.958781
263502,laliga,Elche,Real Madrid,2112,1172,scheduled,,,,,,,,,,,,,,,,,2025-11-23T20:00:00.000Z,15,15,263502,1640.0,600,1,0,-250,99,100,425,0,0,3.5,112,-144,92,92,8,8,1.5,-140,0,0,-1.5,105,0,0,2025-11-23 12:00:00-08:00,2025-11-23 17:18:27.600701
263502,laliga,Elche,Real Madrid,2112,1172,scheduled,,,,,,,,,,,,,,,,,2025-11-23T20:00:00.000Z,15,15,263502,1913.0,550,1,1,-235,99,99,400,99,0,3.5,105,-144,92,93,8,7,1.5,-145,0,0,-1.5,105,0,0,2025-11-23 12:00:00-08:00,2025-11-23 19:17:43.077986
263502,laliga,Elche,Real Madrid,2112,1172,scheduled,,,,,,,,,,,,,,,,,2025-11-23T20:00:00.000Z,15,15,263502,1913.0,550,1,1,-235,99,99,400,99,0,3.5,105,-144,92,93,8,7,1.5,-145,0,0,-1.5,105,0,0,2025-11-23 12:00:00-08:00,2025-11-23 19:17:52.379026
281982,mls,FC Cincinnati,Inter Miami,1996,2041,scheduled,,,,,,,,,,,,,,,,,2025-11-23T22:00:00.000Z,15,15,281982,247.0,185,0,0,120,0,0,275,0,0,3.5,106,-145,90,91,10,9,0.5,-160,0,0,-0.5,110,0,0,2025-11-23 14:00:00-08:00,2025-11-20 20:06:49.973030
281982,mls,FC Cincinnati,Inter Miami,1996,2041,scheduled,,,,,,,,,,,,,,,,,2025-11-23T22:00:00.000Z,15,15,281982,782.0,215,0,0,105,0,0,290,0,0,3.5,107,-141,92,93,8,7,0.5,-140,0,0,-0.5,-102,0,0,2025-11-23 14:00:00-08:00,2025-11-23 15:32:39.958781
281982,mls,FC Cincinnati,Inter Miami,1996,2041,scheduled,,,,,,,,,,,,,,,,,2025-11-23T22:00:00.000Z,15,15,281982,939.0,225,0,0,-104,0,0,290,0,0,3.5,105,-136,91,94,9,6,0.5,-140,0,0,-0.5,-102,0,0,2025-11-23 14:00:00-08:00,2025-11-23 19:17:43.077986
281982,mls,FC Cincinnati,Inter Miami,1996,2041,scheduled,,,,,,,,,,,,,,,,,2025-11-23T22:00:00.000Z,15,15,281982,1045.0,215,0,0,100,0,0,290,0,0,3.5,101,-134,90,94,10,6,0.5,-135,0,0,-0.5,-110,0,0,2025-11-23 14:00:00-08:00,2025-11-23 21:19:45.089851
281982,mls,FC Cincinnati,Inter Miami,1996,2041,scheduled,,,,,,,,,,,,,,,,,2025-11-23T22:00:00.000Z,15,15,281982,1045.0,215,0,0,100,0,0,290,0,0,3.5,101,-134,90,94,10,6,0.5,-135,0,0,-0.5,-110,0,0,2025-11-23 14:00:00-08:00,2025-11-23 21:19:54.463765
281952,mls,Union,NYCFC,1211,1208,scheduled,,,,,,,,,,,,,,,,,2025-11-24T00:45:00.000Z,15,15,281952,206.0,-118,0,0,280,0,0,265,0,0,2.5,-129,-100,98,98,2,2,-0.5,-125,0,0,0.5,-115,0,0,2025-11-23 16:45:00-08:00,2025-11-20 20:06:49.973030
281952,mls,Union,NYCFC,1211,1208,scheduled,,,,,,,,,,,,,,,,,2025-11-24T00:45:00.000Z,15,15,281952,499.0,-115,0,0,290,0,0,250,0,0,2.5,-109,-119,98,99,2,1,-0.5,-120,0,0,0.5,-118,0,0,2025-11-23 16:45:00-08:00,2025-11-23 15:32:39.958781
281952,mls,Union,NYCFC,1211,1208,scheduled,,,,,,,,,,,,,,,,,2025-11-24T00:45:00.000Z,15,15,281952,666.0,-115,0,0,295,0,0,250,0,0,2.5,-109,-116,96,98,4,2,-0.5,-120,0,0,0.5,-118,0,0,2025-11-23 16:45:00-08:00,2025-11-23 19:17:43.077986
281952,mls,Union,NYCFC,1211,1208,scheduled,,,,,,,,,,,,,,,,,2025-11-24T00:45:00.000Z,15,15,281952,716.0,-118,0,0,310,0,0,260,0,0,2.5,-105,-125,94,97,6,3,-0.5,-125,0,0,0.5,-110,0,0,2025-11-23 16:45:00-08:00,2025-11-23 21:19:45.089851
281952,mls,Union,NYCFC,1211,1208,scheduled,,,,,,,,,,,,,,,,,2025-11-24T00:45:00.000Z,15,15,281952,822.0,-120,0,0,310,0,0,250,0,0,2.5,102,-125,93,96,7,4,-0.5,-125,0,0,0.5,-110,0,0,2025-11-23 16:45:00-08:00,2025-11-23 23:20:24.776307
281952,mls,Union,NYCFC,1211,1208,scheduled,,,,,,,,,,,,,,,,,2025-11-24T00:45:00.000Z,15,15,281952,822.0,-120,0,0,310,0,0,250,0,0,2.5,102,-125,93,96,7,4,-0.5,-125,0,0,0.5,-110,0,0,2025-11-23 16:45:00-08:00,2025-11-23 23:20:34.113123
263511,seriea,Torino,Como 1907,1195,5111,scheduled,,,,,,,,,,,,,,,,,2025-11-24T17:30:00.000Z,15,15,263511,80.0,240,14,17,120,73,56,220,13,26,2.5,126,-160,75,74,25,26,0.5,-160,0,0,-0.5,110,0,0,2025-11-24 09:30:00-08:00,2025-11-23 15:32:39.958781
263511,seriea,Torino,Como 1907,1195,5111,scheduled,,,,,,,,,,,,,,,,,2025-11-24T17:30:00.000Z,15,15,263511,80.0,242,15,17,123,73,55,220,13,27,2.5,126,-166,76,74,24,26,0.5,-160,0,0,-0.5,115,0,0,2025-11-24 09:30:00-08:00,2025-11-23 17:18:27.600701
263511,seriea,Torino,Como 1907,1195,5111,scheduled,,,,,,,,,,,,,,,,,2025-11-24T17:30:00.000Z,15,15,263511,80.0,240,15,19,125,73,55,220,12,26,2.5,126,-166,76,75,24,25,0.5,-160,0,0,-0.5,115,0,0,2025-11-24 09:30:00-08:00,2025-11-23 19:17:43.077986
263511,seriea,Torino,Como 1907,1195,5111,scheduled,,,,,,,,,,,,,,,,,2025-11-24T17:30:00.000Z,15,15,263511,106.0,240,18,27,125,71,52,217,12,21,2.5,127,-164,76,77,24,23,0.5,-160,0,0,-0.5,115,0,0,2025-11-24 09:30:00-08:00,2025-11-24 02:53:39.373610
263511,seriea,Torino,Como 1907,1195,5111,scheduled,N/A,N/A,,,,,,,,,,,,,,,2025-11-24T17:30:00.000Z,15,15,263511,106.0,240,18,27,125,71,52,217,12,21,2.5,127,-164,76,77,24,23,0.5,-160,0,0,-0.5,115,0,0,2025-11-24 09:30:00-08:00,2025-11-24 02:53:49.472287
263510,seriea,Sassuolo,Pisa,1194,5658,scheduled,,,,,,,,,,,,,,,,,2025-11-24T19:45:00.000Z,15,15,263510,85.0,105,91,89,280,4,4,220,4,7,2.5,125,-160,79,78,21,22,-0.5,-105,0,0,0.5,-135,0,0,2025-11-24 11:45:00-08:00,2025-11-23 15:32:39.958781
263510,seriea,Sassuolo,Pisa,1194,5658,scheduled,,,,,,,,,,,,,,,,,2025-11-24T19:45:00.000Z,15,15,263510,90.0,105,91,88,290,4,4,220,4,8,2.5,123,-160,79,80,21,20,-0.5,-105,0,0,0.5,-135,0,0,2025-11-24 11:45:00-08:00,2025-11-23 21:19:45.089851
263510,seriea,Sassuolo,Pisa,1194,5658,scheduled,N/A,N/A,,,,,,,,,,,,,,,2025-11-24T19:45:00.000Z,15,15,263510,106.0,105,91,87,290,5,6,220,4,7,2.5,123,-161,80,81,20,19,-0.5,-102,0,0,0.5,-140,0,0,2025-11-24 11:45:00-08:00,2025-11-24 02:53:49.472287
263501,laliga,Espanyol,Sevilla,1165,1174,scheduled,,,,,,,,,,,,,,,,,2025-11-24T20:00:00.000Z,15,15,263501,181.0,101,69,55,282,25,31,235,5,14,2.5,116,-147,90,91,10,9,-0.5,-105,0,0,0.5,-135,0,0,2025-11-24 12:00:00-08:00,2025-11-23 15:32:39.958781
263501,laliga,Espanyol,Sevilla,1165,1174,scheduled,,,,,,,,,,,,,,,,,2025-11-24T20:00:00.000Z,15,15,263501,181.0,105,68,48,277,26,27,232,6,25,2.5,117,-147,90,90,10,10,-0.5,-105,0,0,0.5,-135,0,0,2025-11-24 12:00:00-08:00,2025-11-23 23:20:24.776307
263501,laliga,Espanyol,Sevilla,1165,1174,scheduled,,,,,,,,,,,,,,,,,2025-11-24T20:00:00.000Z,15,15,263501,196.0,105,67,48,275,27,31,230,6,21,2.5,115,-144,89,90,11,10,-0.5,-105,0,0,0.5,-135,0,0,2025-11-24 12:00:00-08:00,2025-11-24 02:53:39.373610
263501,laliga,Espanyol,Sevilla,1165,1174,scheduled,N/A,N/A,,,,,,,,,,,,,,,2025-11-24T20:00:00.000Z,15,15,263501,196.0,105,67,48,275,27,31,230,6,21,2.5,115,-144,89,90,11,10,-0.5,-105,0,0,0.5,-135,0,0,2025-11-24 12:00:00-08:00,2025-11-24 02:53:49.472287
272227,epl,Man U,Everton,1109,1104,scheduled,,,,,,,,,,,,,,,,,2025-11-24T20:00:00.000Z,15,15,272227,494.0,-135,95,93,360,3,4,280,2,2,2.5,-140,110,95,95,5,5,-0.5,-150,0,0,0.5,105,0,0,2025-11-24 12:00:00-08:00,2025-11-23 15:32:39.958781
272227,epl,Man U,Everton,1109,1104,scheduled,,,,,,,,,,,,,,,,,2025-11-24T20:00:00.000Z,15,15,272227,520.0,-134,95,93,360,3,4,285,2,2,2.5,-139,109,95,95,5,5,-0.5,-150,0,0,0.5,105,0,0,2025-11-24 12:00:00-08:00,2025-11-23 19:17:43.077986
272227,epl,Man U,Everton,1109,1104,scheduled,,,,,,,,,,,,,,,,,2025-11-24T20:00:00.000Z,15,15,272227,595.0,-135,94,88,350,4,4,290,2,8,2.5,-139,110,94,95,6,5,-0.5,-150,0,0,0.5,105,0,0,2025-11-24 12:00:00-08:00,2025-11-24 02:53:39.373610
272227,epl,Man U,Everton,1109,1104,scheduled,N/A,N/A,,,,,,,,,,,,,,,2025-11-24T20:00:00.000Z,15,15,272227,595.0,-135,94,88,350,4,4,290,2,8,2.5,-139,110,94,95,6,5,-0.5,-150,0,0,0.5,105,0,0,2025-11-24 12:00:00-08:00,2025-11-24 02:53:49.472287
282033,mls,San Diego FC,Minnesota United,5408,1205,scheduled,,,,,,,,,,,,,,,,,2025-11-25T03:00:00.000Z,15,15,282033,146.0,-160,0,0,380,0,0,320,0,0,2.5,-171,130,96,96,4,4,-0.5,-175,0,0,0.5,120,0,0,2025-11-24 19:00:00-08:00,2025-11-23 15:32:39.958781
282033,mls,San Diego FC,Minnesota United,5408,1205,scheduled,,,,,,,,,,,,,,,,,2025-11-25T03:00:00.000Z,15,15,282033,176.0,-160,0,0,375,0,0,320,0,0,2.5,-171,130,94,96,6,4,-0.5,-175,0,0,0.5,120,0,0,2025-11-24 19:00:00-08:00,2025-11-24 02:53:39.373610
282033,mls,San Diego FC,Minnesota United,5408,1205,scheduled,N/A,N/A,,,,,,,,,,,,,,,2025-11-25T03:00:00.000Z,15,15,282033,176.0,-160,0,0,375,0,0,320,0,0,2.5,-171,130,94,96,6,4,-0.5,-175,0,0,0.5,120,0,0,2025-11-24 19:00:00-08:00,2025-11-24 02:53:49.472287
265698,champions,Ajax,Benfica,1281,1225,scheduled,,,,,,,,,,,,,,,,,2025-11-25T17:45:00.000Z,15,15,265698,45.0,295,14,11,-112,81,86,265,4,3,2.5,-145,112,93,93,7,7,0.5,-115,0,0,-0.5,-120,0,0,2025-11-25 09:45:00-08:00,2025-11-23 15:32:39.958781
265698,champions,Ajax,Benfica,1281,1225,scheduled,,,,,,,,,,,,,,,,,2025-11-25T17:45:00.000Z,15,15,265698,45.0,300,14,11,-114,82,86,265,4,3,2.5,-144,112,93,93,7,7,0.5,-115,0,0,-0.5,-120,0,0,2025-11-25 09:45:00-08:00,2025-11-23 19:17:43.077986
265698,champions,Ajax,Benfica,1281,1225,scheduled,,,,,,,,,,,,,,,,,2025-11-25T17:45:00.000Z,15,15,265698,45.0,300,14,11,-114,82,86,270,4,3,2.5,-144,110,93,93,7,7,0.5,-115,0,0,-0.5,-120,0,0,2025-11-25 09:45:00-08:00,2025-11-23 23:20:24.776307
265698,champions,Ajax,Benfica,1281,1225,scheduled,N/A,N/A,,,,,,,,,,,,,,,2025-11-25T17:45:00.000Z,15,15,265698,45.0,300,14,11,-114,83,85,270,4,3,2.5,-144,110,93,93,7,7,0.5,-115,0,0,-0.5,-120,0,0,2025-11-25 09:45:00-08:00,2025-11-24 02:53:49.472287
265699,champions,Galatasaray,Union Saint-Gilloise,1984,3626,scheduled,,,,,,,,,,,,,,,,,2025-11-25T17:45:00.000Z,15,15,265699,45.0,-172,98,98,410,1,1,350,1,1,3.5,126,-173,94,94,6,6,-0.5,-185,0,0,0.5,130,0,0,2025-11-25 09:45:00-08:00,2025-11-23 15:32:39.958781
265699,champions,Galatasaray,Union Saint-Gilloise,1984,3626,scheduled,,,,,,,,,,,,,,,,,2025-11-25T17:45:00.000Z,15,15,265699,45.0,-172,98,98,400,1,1,333,1,1,3.5,126,-173,94,94,6,6,-0.5,-185,0,0,0.5,130,0,0,2025-11-25 09:45:00-08:00,2025-11-23 21:19:45.089851
265699,champions,Galatasaray,Union Saint-Gilloise,1984,3626,scheduled,,,,,,,,,,,,,,,,,2025-11-25T17:45:00.000Z,15,15,265699,45.0,-165,98,98,400,1,1,333,1,1,3.5,126,-173,94,94,6,6,-0.5,-185,0,0,0.5,130,0,0,2025-11-25 09:45:00-08:00,2025-11-23 23:20:24.776307
265699,champions,Galatasaray,Union Saint-Gilloise,1984,3626,scheduled,N/A,N/A,,,,,,,,,,,,,,,2025-11-25T17:45:00.000Z,15,15,265699,45.0,-165,98,98,400,1,1,333,1,1,3.5,126,-173,94,95,6,5,-0.5,-185,0,0,0.5,130,0,0,2025-11-25 09:45:00-08:00,2025-11-24 02:53:49.472287
265700,champions,Napoli,Qarabag,1189,1307,scheduled,,,,,,,,,,,,,,,,,2025-11-25T20:00:00.000Z,15,15,265700,70.0,-350,97,87,875,3,11,475,1,2,3.0,-115,-106,89,89,11,11,-1.5,-130,0,0,1.5,-107,0,0,2025-11-25 12:00:00-08:00,2025-11-23 15:32:39.958781
265700,champions,Napoli,Qarabag,1189,1307,scheduled,,,,,,,,,,,,,,,,,2025-11-25T20:00:00.000Z,15,15,265700,70.0,-350,97,88,875,3,10,482,1,1,3.0,-115,-106,89,90,11,10,-1.5,-130,0,0,1.5,-107,0,0,2025-11-25 12:00:00-08:00,2025-11-24 02:53:39.373610
265700,champions,Napoli,Qarabag,1189,1307,scheduled,N/A,N/A,,,,,,,,,,,,,,,2025-11-25T20:00:00.000Z,15,15,265700,70.0,-350,97,88,875,3,10,482,1,1,3.0,-115,-106,89,90,11,10,-1.5,-130,0,0,1.5,-107,0,0,2025-11-25 12:00:00-08:00,2025-11-24 02:53:49.472287
265701,champions,Slavia Praha,Athletic,1979,1158,scheduled,,,,,,,,,,,,,,,,,2025-11-25T20:00:00.000Z,15,15,265701,40.0,200,16,12,140,76,84,230,8,4,2.5,-101,-125,86,80,14,20,0.5,-190,0,0,-0.5,130,0,0,2025-11-25 12:00:00-08:00,2025-11-23 15:32:39.958781
265701,champions,Slavia Praha,Athletic,1979,1158,scheduled,,,,,,,,,,,,,,,,,2025-11-25T20:00:00.000Z,15,15,265701,40.0,195,15,11,140,77,85,230,7,4,2.5,-101,-125,86,80,14,20,0.5,-190,0,0,-0.5,130,0,0,2025-11-25 12:00:00-08:00,2025-11-23 23:20:24.776307
265701,champions,Slavia Praha,Athletic,1979,1158,scheduled,N/A,N/A,,,,,,,,,,,,,,,2025-11-25T20:00:00.000Z,15,15,265701,40.0,195,15,13,140,77,84,230,7,4,2.5,-101,-125,86,80,14,20,0.5,-190,0,0,-0.5,130,0,0,2025-11-25 12:00:00-08:00,2025-11-24 02:53:49.472287
265702,champions,Marseille,Newcastle,1146,1364,scheduled,,,,,,,,,,,,,,,,,2025-11-25T20:00:00.000Z,15,15,265702,60.0,180,20,25,150,74,70,240,6,4,2.5,-129,-100,95,96,5,4,0.5,-200,0,0,-0.5,135,0,0,2025-11-25 12:00:00-08:00,2025-11-23 15:32:39.958781
265702,champions,Marseille,Newcastle,1146,1364,scheduled,N/A,N/A,,,,,,,,,,,,,,,2025-11-25T20:00:00.000Z,15,15,265702,70.0,180,20,27,150,74,69,240,6,4,2.5,-127,-100,95,96,5,4,0.5,-200,0,0,-0.5,135,0,0,2025-11-25 12:00:00-08:00,2025-11-24 02:53:49.472287
265703,champions,Man City,Leverkusen,1108,1131,scheduled,,,,,,,,,,,,,,,,,2025-11-25T20:00:00.000Z,15,15,265703,85.0,-450,99,97,1000,1,2,550,1,1,3.5,-110,-115,96,97,4,3,-1.5,-165,0,0,1.5,128,0,0,2025-11-25 12:00:00-08:00,2025-11-23 15:32:39.958781
265703,champions,Man City,Leverkusen,1108,1131,scheduled,,,,,,,,,,,,,,,,,2025-11-25T20:00:00.000Z,15,15,265703,85.0,-450,99,97,1100,1,3,550,1,1,3.5,-110,-115,96,97,4,3,-1.5,-165,0,0,1.5,128,0,0,2025-11-25 12:00:00-08:00,2025-11-23 19:17:43.077986
265703,champions,Man City,Leverkusen,1108,1131,scheduled,N/A,N/A,,,,,,,,,,,,,,,2025-11-25T20:00:00.000Z,15,15,265703,85.0,-450,99,97,1100,1,3,550,1,1,3.5,-109,-114,96,97,4,3,-1.5,-165,0,0,1.5,124,0,0,2025-11-25 12:00:00-08:00,2025-11-24 02:53:49.472287
265704,champions,Bodo Glimt,Juventus,3627,1186,scheduled,,,,,,,,,,,,,,,,,2025-11-25T20:00:00.000Z,15,15,265704,45.0,210,6,5,115,91,94,275,3,1,2.5,-175,137,88,87,12,13,0.5,-150,0,0,-0.5,105,0,0,2025-11-25 12:00:00-08:00,2025-11-23 15:32:39.958781
265704,champions,Bodo Glimt,Juventus,3627,1186,scheduled,N/A,N/A,,,,,,,,,,,,,,,2025-11-25T20:00:00.000Z,15,15,265704,50.0,210,6,5,115,91,94,275,3,1,2.5,-175,133,89,88,11,12,0.5,-150,0,0,-0.5,-100,0,0,2025-11-25 12:00:00-08:00,2025-11-24 02:53:49.472287
265705,champions,Chelsea,Barcelona,1102,1160,scheduled,,,,,,,,,,,,,,,,,2025-11-25T20:00:00.000Z,15,15,265705,50.0,125,26,17,175,69,79,290,5,4,3.5,-100,-126,96,96,4,4,-0.5,115,0,0,0.5,-165,0,0,2025-11-25 12:00:00-08:00,2025-11-23 15:32:39.958781
265705,champions,Chelsea,Barcelona,1102,1160,scheduled,,,,,,,,,,,,,,,,,2025-11-25T20:00:00.000Z,15,15,265705,65.0,130,26,15,170,69,81,290,5,4,3.5,101,-125,96,96,4,4,-0.5,120,0,0,0.5,-175,0,0,2025-11-25 12:00:00-08:00,2025-11-24 02:53:39.373610
265705,champions,Chelsea,Barcelona,1102,1160,scheduled,N/A,N/A,,,,,,,,,,,,,,,2025-11-25T20:00:00.000Z,15,15,265705,65.0,130,26,15,170,69,81,290,5,4,3.5,101,-125,96,96,4,4,-0.5,120,0,0,0.5,-175,0,0,2025-11-25 12:00:00-08:00,2025-11-24 02:53:49.472287
265706,champions,Dortmund,Villarreal,1123,1176,scheduled,,,,,,,,,,,,,,,,,2025-11-25T20:00:00.000Z,15,15,265706,55.0,-127,95,95,333,4,4,280,1,1,2.5,-145,110,96,96,4,4,-0.5,-143,0,0,0.5,-105,0,0,2025-11-25 12:00:00-08:00,2025-11-23 15:32:39.958781
265706,champions,Dortmund,Villarreal,1123,1176,scheduled,,,,,,,,,,,,,,,,,2025-11-25T20:00:00.000Z,15,15,265706,65.0,-125,95,95,330,4,4,280,1,1,2.5,-142,110,96,96,4,4,-0.5,-143,0,0,0.5,-105,0,0,2025-11-25 12:00:00-08:00,2025-11-23 17:18:27.600701
265706,champions,Dortmund,Villarreal,1123,1176,scheduled,N/A,N/A,,,,,,,,,,,,,,,2025-11-25T20:00:00.000Z,15,15,265706,70.0,-125,95,94,330,4,5,280,1,1,2.5,-142,110,96,96,4,4,-0.5,-143,0,0,0.5,-105,0,0,2025-11-25 12:00:00-08:00,2025-11-24 02:53:49.472287
265707,champions,Pafos FC,Monaco,5777,1148,scheduled,,,,,,,,,,,,,,,,,2025-11-26T17:45:00.000Z,15,15,265707,40.0,420,7,15,-167,92,83,320,2,2,2.5,-173,130,82,80,18,20,0.5,125,0,0,-0.5,-175,0,0,2025-11-26 09:45:00-08:00,2025-11-23 15:32:39.958781
265707,champions,Pafos FC,Monaco,5777,1148,scheduled,,,,,,,,,,,,,,,,,2025-11-26T17:45:00.000Z,15,15,265707,40.0,425,6,15,-165,92,83,320,2,2,2.5,-169,130,83,81,17,19,0.5,125,0,0,-0.5,-175,0,0,2025-11-26 09:45:00-08:00,2025-11-23 19:17:43.077986
265707,champions,Pafos FC,Monaco,5777,1148,scheduled,N/A,N/A,,,,,,,,,,,,,,,2025-11-26T17:45:00.000Z,15,15,265707,40.0,425,6,15,-165,92,84,320,2,2,2.5,-169,131,83,82,17,18,0.5,125,0,0,-0.5,-175,0,0,2025-11-26 09:45:00-08:00,2025-11-24 02:53:49.472287
265708,champions,Copenhagen,Kairat Almaty,1234,5771,scheduled,,,,,,,,,,,,,,,,,2025-11-26T17:45:00.000Z,15,15,265708,55.0,-295,98,97,750,1,2,420,1,1,3.5,122,-165,88,87,12,13,-1.5,-115,0,0,1.5,-120,0,0,2025-11-26 09:45:00-08:00,2025-11-23 15:32:39.958781
265708,champions,Copenhagen,Kairat Almaty,1234,5771,scheduled,,,,,,,,,,,,,,,,,2025-11-26T17:45:00.000Z,15,15,265708,65.0,-295,98,97,800,1,2,425,1,1,3.5,122,-165,88,87,12,13,-1.5,-115,0,0,1.5,-120,0,0,2025-11-26 09:45:00-08:00,2025-11-23 19:17:43.077986
265708,champions,Copenhagen,Kairat Almaty,1234,5771,scheduled,N/A,N/A,,,,,,,,,,,,,,,2025-11-26T17:45:00.000Z,15,15,265708,65.0,-295,98,97,800,1,2,425,1,1,3.5,122,-165,88,87,12,13,-1.5,-115,0,0,1.5,-120,0,0,2025-11-26 09:45:00-08:00,2025-11-24 02:53:49.472287
265709,champions,Sporting,Brugge,1314,1235,scheduled,,,,,,,,,,,,,,,,,2025-11-26T20:00:00.000Z,15,15,265709,40.0,-140,86,79,355,12,20,305,2,1,3.5,130,-176,94,94,6,6,-0.5,-152,0,0,0.5,110,0,0,2025-11-26 12:00:00-08:00,2025-11-23 15:32:39.958781
265709,champions,Sporting,Brugge,1314,1235,scheduled,,,,,,,,,,,,,,,,,2025-11-26T20:00:00.000Z,15,15,265709,40.0,-143,87,79,355,12,20,305,2,1,3.5,130,-176,94,94,6,6,-0.5,-152,0,0,0.5,110,0,0,2025-11-26 12:00:00-08:00,2025-11-23 19:17:43.077986
265709,champions,Sporting,Brugge,1314,1235,scheduled,,,,,,,,,,,,,,,,,2025-11-26T20:00:00.000Z,15,15,265709,40.0,-140,87,79,360,11,20,310,2,1,3.5,130,-176,94,94,6,6,-0.5,-152,0,0,0.5,110,0,0,2025-11-26 12:00:00-08:00,2025-11-23 21:19:45.089851
265709,champions,Sporting,Brugge,1314,1235,scheduled,,,,,,,,,,,,,,,,,2025-11-26T20:00:00.000Z,15,15,265709,40.0,-143,87,80,360,11,19,310,2,1,3.5,130,-176,94,94,6,6,-0.5,-152,0,0,0.5,110,0,0,2025-11-26 12:00:00-08:00,2025-11-23 23:20:24.776307
265709,champions,Sporting,Brugge,1314,1235,scheduled,N/A,N/A,,,,,,,,,,,,,,,2025-11-26T20:00:00.000Z,15,15,265709,40.0,-143,87,79,360,11,20,310,2,1,3.5,130,-176,94,94,6,6,-0.5,-152,0,0,0.5,110,0,0,2025-11-26 12:00:00-08:00,2025-11-24 02:53:49.472287
265710,champions,PSG,Tottenham,1153,1112,scheduled,,,,,,,,,,,,,,,,,2025-11-26T20:00:00.000Z,15,15,265710,70.0,-225,98,97,575,1,3,370,2,1,3.5,122,-167,96,97,4,3,-1.5,110,0,0,1.5,-155,0,0,2025-11-26 12:00:00-08:00,2025-11-23 15:32:39.958781
265710,champions,PSG,Tottenham,1153,1112,scheduled,,,,,,,,,,,,,,,,,2025-11-26T20:00:00.000Z,15,15,265710,70.0,-238,98,97,600,1,2,375,2,1,3.5,121,-165,96,97,4,3,-1.5,110,0,0,1.5,-154,0,0,2025-11-26 12:00:00-08:00,2025-11-23 19:17:43.077986
265710,champions,PSG,Tottenham,1153,1112,scheduled,,,,,,,,,,,,,,,,,2025-11-26T20:00:00.000Z,15,15,265710,70.0,-238,98,97,600,1,2,400,2,1,3.5,121,-162,96,97,4,3,-1.5,105,0,0,1.5,-145,0,0,2025-11-26 12:00:00-08:00,2025-11-23 23:20:24.776307
265710,champions,PSG,Tottenham,1153,1112,scheduled,N/A,N/A,,,,,,,,,,,,,,,2025-11-26T20:00:00.000Z,15,15,265710,70.0,-238,98,97,600,1,2,400,2,1,3.5,121,-162,96,97,4,3,-1.5,105,0,0,1.5,-145,0,0,2025-11-26 12:00:00-08:00,2025-11-24 02:53:49.472287
265711,champions,Olympiacos,Real Madrid,1304,1172,scheduled,,,,,,,,,,,,,,,,,2025-11-26T20:00:00.000Z,15,15,265711,40.0,600,0,1,-250,100,99,410,0,1,3.5,117,-160,95,95,5,5,1.5,-140,0,0,-1.5,-104,0,0,2025-11-26 12:00:00-08:00,2025-11-23 15:32:39.958781
265711,champions,Olympiacos,Real Madrid,1304,1172,scheduled,N/A,N/A,,,,,,,,,,,,,,,2025-11-26T20:00:00.000Z,15,15,265711,55.0,600,0,1,-250,100,99,410,0,1,3.5,120,-160,95,95,5,5,1.5,-140,0,0,-1.5,-102,0,0,2025-11-26 12:00:00-08:00,2025-11-24 02:53:49.472287
265712,champions,Liverpool,PSV,1107,1230,scheduled,,,,,,,,,,,,,,,,,2025-11-26T20:00:00.000Z,15,15,265712,50.0,-320,98,95,725,1,4,500,2,1,3.5,-122,-107,93,92,7,8,-1.5,-135,0,0,1.5,-105,0,0,2025-11-26 12:00:00-08:00,2025-11-23 15:32:39.958781
265712,champions,Liverpool,PSV,1107,1230,scheduled,,,,,,,,,,,,,,,,,2025-11-26T20:00:00.000Z,15,15,265712,60.0,-325,98,96,725,2,4,500,2,1,3.5,-122,-106,93,93,7,7,-1.5,-135,0,0,1.5,-105,0,0,2025-11-26 12:00:00-08:00,2025-11-24 02:53:39.373610
265712,champions,Liverpool,PSV,1107,1230,scheduled,N/A,N/A,,,,,,,,,,,,,,,2025-11-26T20:00:00.000Z,15,15,265712,60.0,-325,98,96,725,2,4,500,2,1,3.5,-122,-106,93,93,7,7,-1.5,-135,0,0,1.5,-105,0,0,2025-11-26 12:00:00-08:00,2025-11-24 02:53:49.472287
265713,champions,FRA,Atalanta,1124,1177,scheduled,,,,,,,,,,,,,,,,,2025-11-26T20:00:00.000Z,15,15,265713,50.0,160,47,28,160,45,70,250,8,3,2.5,-164,123,89,88,11,12,0.5,-200,0,0,-0.5,140,0,0,2025-11-26 12:00:00-08:00,2025-11-23 15:32:39.958781
265713,champions,FRA,Atalanta,1124,1177,scheduled,N/A,N/A,,,,,,,,,,,,,,,2025-11-26T20:00:00.000Z,15,15,265713,50.0,160,48,32,160,44,65,250,8,3,2.5,-164,126,89,89,11,11,0.5,-200,0,0,-0.5,140,0,0,2025-11-26 12:00:00-08:00,2025-11-24 02:53:49.472287
265714,champions,Atlético,Inter,1159,1185,scheduled,,,,,,,,,,,,,,,,,2025-11-26T20:00:00.000Z,15,15,265714,55.0,130,60,58,200,34,38,250,6,4,2.5,-125,-104,95,95,5,5,-0.5,115,0,0,0.5,-175,0,0,2025-11-26 12:00:00-08:00,2025-11-23 15:32:39.958781
265714,champions,Atlético,Inter,1159,1185,scheduled,,,,,,,,,,,,,,,,,2025-11-26T20:00:00.000Z,15,15,265714,55.0,130,61,58,205,34,38,250,6,4,2.5,-125,-102,95,95,5,5,-0.5,115,0,0,0.5,-165,0,0,2025-11-26 12:00:00-08:00,2025-11-23 21:19:45.089851
265714,champions,Atlético,Inter,1159,1185,scheduled,,,,,,,,,,,,,,,,,2025-11-26T20:00:00.000Z,15,15,265714,60.0,130,61,58,210,34,38,250,5,4,2.5,-125,-102,95,95,5,5,-0.5,115,0,0,0.5,-165,0,0,2025-11-26 12:00:00-08:00,2025-11-23 23:20:24.776307
265714,champions,Atlético,Inter,1159,1185,scheduled,N/A,N/A,,,,,,,,,,,,,,,2025-11-26T20:00:00.000Z,15,15,265714,60.0,130,61,57,210,34,39,250,5,4,2.5,-125,-102,94,94,6,6,-0.5,115,0,0,0.5,-165,0,0,2025-11-26 12:00:00-08:00,2025-11-24 02:53:49.472287
265715,champions,Arsenal,Bayern,1099,1120,scheduled,,,,,,,,,,,,,,,,,2025-11-26T20:00:00.000Z,15,15,265715,55.0,120,35,17,215,61,80,250,4,3,2.5,-139,107,96,92,4,8,-0.5,110,0,0,0.5,-155,0,0,2025-11-26 12:00:00-08:00,2025-11-23 15:32:39.958781
265715,champions,Arsenal,Bayern,1099,1120,scheduled,N/A,N/A,,,,,,,,,,,,,,,2025-11-26T20:00:00.000Z,15,15,265715,65.0,120,36,18,215,61,80,250,4,3,2.5,-138,110,97,92,3,8,-0.5,110,0,0,0.5,-155,0,0,2025-11-26 12:00:00-08:00,2025-11-24 02:53:49.472287
265756,europa,Viktoria,Freiburg,1320,1125,scheduled,,,,,,,,,,,,,,,,,2025-11-27T17:45:00.000Z,15,15,265756,0.0,215,10,6,125,87,91,240,4,3,2.5,-109,-118,96,97,4,3,0.5,-165,0,0,-0.5,110,0,0,2025-11-27 09:45:00-08:00,2025-11-24 02:53:39.373610
265756,europa,Viktoria,Freiburg,1320,1125,scheduled,N/A,N/A,,,,,,,,,,,,,,,2025-11-27T17:45:00.000Z,15,15,265756,0.0,215,10,6,125,87,91,240,4,3,2.5,-109,-118,96,97,4,3,0.5,-165,0,0,-0.5,110,0,0,2025-11-27 09:45:00-08:00,2025-11-24 02:53:49.472287
265757,europa,PAOK,Brann,1305,5711,scheduled,,,,,,,,,,,,,,,,,2025-11-27T17:45:00.000Z,15,15,265757,0.0,-185,99,97,450,1,2,330,1,1,2.5,-172,130,93,93,7,7,-1.5,150,0,0,1.5,-192,0,0,2025-11-27 09:45:00-08:00,2025-11-24 02:53:39.373610
265757,europa,PAOK,Brann,1305,5711,scheduled,N/A,N/A,,,,,,,,,,,,,,,2025-11-27T17:45:00.000Z,15,15,265757,0.0,-185,99,97,450,1,2,330,1,1,2.5,-172,130,93,93,7,7,-1.5,150,0,0,1.5,-192,0,0,2025-11-27 09:45:00-08:00,2025-11-24 02:53:49.472287
265758,europa,Fenerbahce,Ferencvaros,1295,1296,scheduled,,,,,,,,,,,,,,,,,2025-11-27T17:45:00.000Z,15,15,265758,55.0,-222,99,98,550,99,2,390,1,1,2.5,-164,127,94,94,6,6,-1.5,115,0,0,1.5,-160,0,0,2025-11-27 09:45:00-08:00,2025-11-24 02:53:39.373610
265758,europa,Fenerbahce,Ferencvaros,1295,1296,scheduled,N/A,N/A,,,,,,,,,,,,,,,2025-11-27T17:45:00.000Z,15,15,265758,55.0,-222,99,98,550,99,2,390,1,1,2.5,-164,127,94,94,6,6,-1.5,115,0,0,1.5,-160,0,0,2025-11-27 09:45:00-08:00,2025-11-24 02:53:49.472287
265759,europa,Porto,Nice,1233,1152,scheduled,,,,,,,,,,,,,,,,,2025-11-27T17:45:00.000Z,15,15,265759,0.0,-238,99,99,640,1,1,375,99,99,2.5,-132,100,94,95,6,5,-1.5,110,0,0,1.5,-160,0,0,2025-11-27 09:45:00-08:00,2025-11-24 02:53:39.373610
265759,europa,Porto,Nice,1233,1152,scheduled,N/A,N/A,,,,,,,,,,,,,,,2025-11-27T17:45:00.000Z,15,15,265759,0.0,-238,99,99,640,1,1,375,99,99,2.5,-132,100,94,95,6,5,-1.5,110,0,0,1.5,-160,0,0,2025-11-27 09:45:00-08:00,2025-11-24 02:53:49.472287
265760,europa,Roma,Midtjylland,1192,2078,scheduled,,,,,,,,,,,,,,,,,2025-11-27T17:45:00.000Z,15,15,265760,0.0,-220,97,79,550,3,20,370,3,1,2.5,-165,125,95,96,5,4,-1.5,115,0,0,1.5,-165,0,0,2025-11-27 09:45:00-08:00,2025-11-24 02:53:39.373610
265760,europa,Roma,Midtjylland,1192,2078,scheduled,N/A,N/A,,,,,,,,,,,,,,,2025-11-27T17:45:00.000Z,15,15,265760,0.0,-220,97,79,550,3,20,370,3,1,2.5,-165,125,95,96,5,4,-1.5,115,0,0,1.5,-165,0,0,2025-11-27 09:45:00-08:00,2025-11-24 02:53:49.472287
265903,europa,Ludogorets,Celta Vigo,1223,1162,scheduled,,,,,,,,,,,,,,,,,2025-11-27T17:45:00.000Z,15,15,265903,0.0,380,2,1,-135,98,99,270,2,1,2.5,-103,-126,95,96,5,4,0.5,105,0,0,-0.5,-145,0,0,2025-11-27 09:45:00-08:00,2025-11-24 02:53:39.373610
265903,europa,Ludogorets,Celta Vigo,1223,1162,scheduled,N/A,N/A,,,,,,,,,,,,,,,2025-11-27T17:45:00.000Z,15,15,265903,0.0,380,2,1,-135,98,99,270,2,1,2.5,-103,-126,95,96,5,4,0.5,105,0,0,-0.5,-145,0,0,2025-11-27 09:45:00-08:00,2025-11-24 02:53:49.472287
265904,europa,Lille,Zagreb,1143,1236,scheduled,,,,,,,,,,,,,,,,,2025-11-27T17:45:00.000Z,15,15,265904,0.0,-160,99,99,400,1,1,320,1,1,2.5,-155,116,95,95,5,5,-0.5,-175,0,0,0.5,130,0,0,2025-11-27 09:45:00-08:00,2025-11-24 02:53:39.373610
265904,europa,Lille,Zagreb,1143,1236,scheduled,N/A,N/A,,,,,,,,,,,,,,,2025-11-27T17:45:00.000Z,15,15,265904,0.0,-160,99,99,400,1,1,320,1,1,2.5,-155,116,95,95,5,5,-0.5,-175,0,0,0.5,130,0,0,2025-11-27 09:45:00-08:00,2025-11-24 02:53:49.472287
265905,europa,Feyenoord,Celtic,1378,1228,scheduled,,,,,,,,,,,,,,,,,2025-11-27T17:45:00.000Z,15,15,265905,60.0,-145,97,95,340,3,5,315,1,5,2.5,-177,136,97,97,3,3,-0.5,-160,0,0,0.5,115,0,0,2025-11-27 09:45:00-08:00,2025-11-24 02:53:39.373610
265905,europa,Feyenoord,Celtic,1378,1228,scheduled,N/A,N/A,,,,,,,,,,,,,,,2025-11-27T17:45:00.000Z,15,15,265905,60.0,-145,97,95,340,3,5,315,1,5,2.5,-177,136,97,97,3,3,-0.5,-160,0,0,0.5,115,0,0,2025-11-27 09:45:00-08:00,2025-11-24 02:53:49.472287
265906,europa,Aston Villa,Young Boys,1999,1321,scheduled,,,,,,,,,,,,,,,,,2025-11-27T17:45:00.000Z,15,15,265906,0.0,-500,100,99,1150,0,1,600,0,0,3.5,-100,-126,91,90,9,10,-1.5,-168,0,0,1.5,130,0,0,2025-11-27 09:45:00-08:00,2025-11-24 02:53:39.373610
265906,europa,Aston Villa,Young Boys,1999,1321,scheduled,N/A,N/A,,,,,,,,,,,,,,,2025-11-27T17:45:00.000Z,15,15,265906,0.0,-500,100,99,1150,0,1,600,0,0,3.5,-100,-126,91,90,9,10,-1.5,-168,0,0,1.5,130,0,0,2025-11-27 09:45:00-08:00,2025-11-24 02:53:49.472287
265761,europa,Rangers,Braga,3297,3296,scheduled,,,,,,,,,,,,,,,,,2025-11-27T20:00:00.000Z,15,15,265761,0.0,210,15,14,130,82,83,240,3,3,2.5,-110,-119,95,96,5,4,0.5,-175,0,0,-0.5,120,0,0,2025-11-27 12:00:00-08:00,2025-11-24 02:53:39.373610
265761,europa,Rangers,Braga,3297,3296,scheduled,N/A,N/A,,,,,,,,,,,,,,,2025-11-27T20:00:00.000Z,15,15,265761,0.0,210,15,14,130,82,83,240,3,3,2.5,-110,-119,95,96,5,4,0.5,-175,0,0,-0.5,120,0,0,2025-11-27 12:00:00-08:00,2025-11-24 02:53:49.472287
265762,europa,PAN,Sturm Graz,4187,3595,scheduled,,,,,,,,,,,,,,,,,2025-11-27T20:00:00.000Z,15,15,265762,0.0,-145,97,97,410,3,2,285,1,1,2.5,-114,-116,95,95,5,5,-0.5,-160,0,0,0.5,110,0,0,2025-11-27 12:00:00-08:00,2025-11-24 02:53:39.373610
265762,europa,PAN,Sturm Graz,4187,3595,scheduled,N/A,N/A,,,,,,,,,,,,,,,2025-11-27T20:00:00.000Z,15,15,265762,0.0,-145,97,97,410,3,2,285,1,1,2.5,-114,-116,95,95,5,5,-0.5,-160,0,0,0.5,110,0,0,2025-11-27 12:00:00-08:00,2025-11-24 02:53:49.472287
265763,europa,Maccabi,Lyon,2016,1145,scheduled,,,,,,,,,,,,,,,,,2025-11-27T20:00:00.000Z,15,15,265763,50.0,333,1,1,-131,99,98,285,1,1,2.5,-119,-110,95,96,5,4,0.5,-102,0,0,-0.5,-140,0,0,2025-11-27 12:00:00-08:00,2025-11-24 02:53:39.373610
265763,europa,Maccabi,Lyon,2016,1145,scheduled,N/A,N/A,,,,,,,,,,,,,,,2025-11-27T20:00:00.000Z,15,15,265763,50.0,333,1,1,-131,99,98,285,1,1,2.5,-119,-110,95,96,5,4,0.5,-102,0,0,-0.5,-140,0,0,2025-11-27 12:00:00-08:00,2025-11-24 02:53:49.472287
265764,europa,Belgrade,Steaua,1289,1324,scheduled,,,,,,,,,,,,,,,,,2025-11-27T20:00:00.000Z,15,15,265764,,-210,98,99,540,1,1,350,1,1,2.5,-141,110,98,98,2,2,-1.5,120,0,0,1.5,-168,0,0,2025-11-27 12:00:00-08:00,2025-11-24 02:53:39.373610
265764,europa,Belgrade,Steaua,1289,1324,scheduled,N/A,N/A,,,,,,,,,,,,,,,2025-11-27T20:00:00.000Z,15,15,265764,,-210,98,99,540,1,1,350,1,1,2.5,-141,110,98,98,2,2,-1.5,120,0,0,1.5,-168,0,0,2025-11-27 12:00:00-08:00,2025-11-24 02:53:49.472287
265765,europa,Betis,FC Utrecht,1161,5782,scheduled,,,,,,,,,,,,,,,,,2025-11-27T20:00:00.000Z,15,15,265765,0.0,-333,100,100,875,0,0,450,0,0,2.5,-160,121,96,96,4,4,-1.5,-120,0,0,1.5,-115,0,0,2025-11-27 12:00:00-08:00,2025-11-24 02:53:39.373610
265765,europa,Betis,FC Utrecht,1161,5782,scheduled,N/A,N/A,,,,,,,,,,,,,,,2025-11-27T20:00:00.000Z,15,15,265765,0.0,-333,100,100,875,0,0,450,0,0,2.5,-160,121,96,96,4,4,-1.5,-120,0,0,1.5,-115,0,0,2025-11-27 12:00:00-08:00,2025-11-24 02:53:49.472287
265907,europa,Nottingham,Malmo,3364,1360,scheduled,,,,,,,,,,,,,,,,,2025-11-27T20:00:00.000Z,15,15,265907,40.0,-455,100,99,1250,0,1,550,0,99,2.5,-175,130,97,97,3,3,-1.5,-160,0,0,1.5,114,0,0,2025-11-27 12:00:00-08:00,2025-11-24 02:53:39.373610
265907,europa,Nottingham,Malmo,3364,1360,scheduled,N/A,N/A,,,,,,,,,,,,,,,2025-11-27T20:00:00.000Z,15,15,265907,40.0,-455,100,99,1250,0,1,550,0,99,2.5,-175,130,97,97,3,3,-1.5,-160,0,0,1.5,114,0,0,2025-11-27 12:00:00-08:00,2025-11-24 02:53:49.472287
265908,europa,Genk,Basel,2026,1224,scheduled,,,,,,,,,,,,,,,,,2025-11-27T20:00:00.000Z,15,15,265908,0.0,-105,89,89,250,8,8,275,3,3,2.5,-172,130,94,94,6,6,-0.5,-110,0,0,0.5,-130,0,0,2025-11-27 12:00:00-08:00,2025-11-24 02:53:39.373610
265908,europa,Genk,Basel,2026,1224,scheduled,N/A,N/A,,,,,,,,,,,,,,,2025-11-27T20:00:00.000Z,15,15,265908,0.0,-105,89,89,250,8,8,275,3,3,2.5,-172,130,94,94,6,6,-0.5,-110,0,0,0.5,-130,0,0,2025-11-27 12:00:00-08:00,2025-11-24 02:53:49.472287
265909,europa,Go Ahead Eagles,Stuttgart,5969,1369,scheduled,,,,,,,,,,,,,,,,,2025-11-27T20:00:00.000Z,15,15,265909,0.0,450,2,4,-190,98,95,350,2,1,2.5,-185,138,97,97,3,3,1.5,-182,0,0,-1.5,130,0,0,2025-11-27 12:00:00-08:00,2025-11-24 02:53:39.373610
265909,europa,Go Ahead Eagles,Stuttgart,5969,1369,scheduled,N/A,N/A,,,,,,,,,,,,,,,2025-11-27T20:00:00.000Z,15,15,265909,0.0,450,2,4,-190,98,95,350,2,1,2.5,-185,138,97,97,3,3,1.5,-182,0,0,-1.5,130,0,0,2025-11-27 12:00:00-08:00,2025-11-24 02:53:49.472287
265910,europa,Bologna,Red Bull,1178,1310,scheduled,,,,,,,,,,,,,,,,,2025-11-27T20:00:00.000Z,15,15,265910,0.0,-250,99,97,675,1,3,380,99,97,2.5,-143,109,94,94,6,6,-1.5,105,0,0,1.5,-145,0,0,2025-11-27 12:00:00-08:00,2025-11-24 02:53:39.373610
265910,europa,Bologna,Red Bull,1178,1310,scheduled,N/A,N/A,,,,,,,,,,,,,,,2025-11-27T20:00:00.000Z,15,15,265910,0.0,-250,99,97,675,1,3,380,99,97,2.5,-143,109,94,94,6,6,-1.5,105,0,0,1.5,-145,0,0,2025-11-27 12:00:00-08:00,2025-11-24 02:53:49.472287
